Date,Technical Change,Social Media Content
"2026-03-18","Updated Process Page Context to tourism branding, fixed missed copy strings in studio page to be more unique, and updated process page metadata and footer.","🚀 Just leveled up our Process page! From architecture to high-end media and tourism production. Check out our detailed approach to capturing stunning visual legacies worldwide! #ClearTouchMedia #TravelStories #VisualExcellence"
"2026-03-18","Rephrased the 4 initiatives cards in process/index.htm to center entirely around ClearTouch Media's specific ideas (e.g. Carbon-neutral studio, Premium production standards, Cultural Respect representation).","🌍 At ClearTouch Media, we capture the world's beauty responsibly. We just released our updated Sustainability and Representation philosophies detailing our commitment to 100% carbon-neutral shoots and ethical storytelling! #SustainableProduction #TravelBetter #ClearTouchMedia"
"2026-03-19","Updated works/index.htm to rename all 27 architectural projects into specific Doha tourism destinations. Replaced filter categories (e.g. Commercial to Adventure) and synced metadata.","🌴 From the bustling Souq Waqif to the endless dunes of the Desert Safari, explore our stunning destination photography! We just unveiled our comprehensive new 'Destinations' gallery. Tap the link to discover the beauty of Qatar with us! 📸 #DohaQatar #TravelPhotography #ClearTouchMedia"
"2026-03-19","Updated the works page Date values to represent tour Durations to match the new tourism scope.","⏳ Short on time or looking for an immersive experience? Our Destination projects now feature estimated tour durations—from quick Half-Day escapes to comprehensive Full-Day storytelling tours. Plan your perfect shoot with ClearTouch Media! 🏜️📸 #ClearTouchMedia #DohaDestinations"
"2026-03-19","Renamed the codebase core routing folders (works->destinations, process->method, studio->agency) and updated links across all 34 internal pages.","🧹 Sweeping technical updates behind the scenes! We've fully aligned our site's digital architecture to seamlessly fit the new ClearTouch Media brand experience from top to bottom. Enjoy flawless navigation to our newly minted Destinations, Method, and Agency pages! #WebDev #Rebranding #ClearTouchMedia"
"2026-03-19","Patched the JS data-widget-urls and absolute SEO schema references across the 7 core directories.","🔧 Finalizing our digital footprint! We just updated our dynamic routing and SEO structures to ensure you can seamlessly browse our Agency offerings and Travel Methods without a hitch. The ClearTouch Media web experience is officially locked in! #ClearTouchMedia #WebArchitecture #DohaAgency"
"2026-03-19","Wrote a Node script rewriting all HTTrack relative nav-header links to absolute root URLs (/...) to bypass the Taxi.js PJAX navigation collision bug.","⚓ Smooth sailing across the entire site! We just enforced absolute routing for our navigation headers, meaning zero dead links and seamless transitions no matter what page or Destination you're browsing. Enjoy the perfected ClearTouch Media digital experience! #WebDevelopment #ClearTouchMedia #DohaQatar"
"2026-03-19","Wrote a Node script rewriting the Website By footer credentials to OJ/TW and updating the Terms of Service legal terms to match ClearTouch Media's Qatar incorporation.","✨ The finishing touches are in! We've officially updated our global footer to reflect our new partnership and synchronized our legal terms for ClearTouch Media's Doha operations. Professional, transparent, and ready for you! #ClearTouchMedia #DohaReady #WebDevelopment"
"2026-03-19","Performed a final surgical branding cleanup across all core pages, eliminating the last architectural preloader and legal body text references.","🚀 Final polish complete! We've surgically updated the last remaining architectural strings across our 34 pages. ClearTouch Media is now 100% Doha-ready, delivering a premium, luxury tourism experience from the first click! #ClearTouchMedia #DohaQatar #WebUpdate"
"2026-03-19","Normalized all relative asset paths (wp-content, gtag) to root-absolute (e.g., /wp-content/...) across all 34 HTML files to fix PJAX navigation issues.","🖼️ Visual excellence, guaranteed! We've just normalized our entire asset library to use root-absolute paths. This ensures our stunning hero images and graphics load perfectly across every page transition, keeping the ClearTouch Media experience seamless and buttery smooth. #WebOptimization #ClearTouchMedia #DohaPhotography"
"2026-03-19","Adjusted the website's header clock to persistently show Doha, Qatar time (UTC+3) using a global JavaScript override in the main bundle.","🕰️ Stay on Doha time! We've just synced our website's header clock to persistently reflect Qatar's local time (UTC+3) globally. No matter where you're browsing from, you'll know exactly what time it is in the heart of Doha! 🇶🇦 #DohaTime #ClearTouchMedia #WebDesign"
"2026-03-19","Added WhatsApp link with pre-written message (+97459914706) and updated Instagram/TikTok branding across 31 files.","Connecting with your audience is now easier than ever! 📱✨ Added a direct WhatsApp chat link and unified our social media presence across the entire site. Ready to capture Doha's best moments! #ClearTouchMedia #WhatsAppIntegration #SocialMediaRebranding"
"2026-03-19","Added .gitignore to exclude wp-content/uploads and created an Image Optimization Guide.","Speed matters! ⚡ Optimized our development workflow with a new .gitignore and created a comprehensive Image Optimization Guide to keep ClearTouch Media loading lightning fast. Higher quality, better performance! #WebDev #PerformanceOptimization #ClearTouchMedia"
